Location,year,QualityofLife,Safety,HealthCare,CostofLiving,PropertyPricetoIncome,TrafficCommuteTime,Pollution,Climate,
Switzerland,2022,195.27,78.32,74.85,123.35,8.29,28.5,19.59,80.21,
Denmark,2022,192.36,73.44,80.07,84.12,6.78,28.52,20.97,81.8,
Netherlands,2022,185.38,72.12,75.56,75.66,7.15,27.4,25.07,87.11,
Finland,2022,184.96,72.75,76.31,73.2,7.95,27.8,12.09,56.64,
Australia,2022,183.81,56.15,78.14,77.75,7.2,34.78,23.85,92.7,
Iceland,2022,182.26,76.47,66.36,94.86,6.36,19.77,15.83,68.81,
Germany,2022,180.27,63.63,73.25,65.58,8.83,31.14,27.75,82.44,
Austria,2022,179.16,73.92,76.75,71.04,10.75,25.55,21.73,77.15,
New Zealand,2022,176.81,56.7,73.32,74.52,7.96,30.78,23.62,96.69,
Norway,2022,176.39,66.15,76.83,100.9,8.04,26.91,17.95,68.68,
Sweden,2022,175.3,51,68.71,71.74,7.81,29.43,18.32,74.92,
Estonia,2022,174.19,76.18,73.33,53.68,9.25,24.51,19.75,64.28,
Oman,2022,173.68,80.01,58.23,49.42,4.59,22.76,37.21,67.22,
Luxembourg,2022,173.63,64.29,70.79,80.5,13.55,32.71,23.92,82.62,
United States,2022,170.72,51.84,69.06,70.13,3.96,32.85,35.33,76.78,
Japan,2022,169.48,77.88,80.49,77.03,11.02,40.65,38.82,85.27,
Slovenia,2022,169.04,77.35,65.25,53.88,11.5,26.48,22.88,77.56,
Spain,2022,168.48,66.13,78.37,53.88,8.78,29.24,39.66,93.83,
Czech,2022,162.64,74.46,75.34,48.24,13.56,29.45,35.86,77.13,
Portugal,2022,162.52,69.42,71.97,47.94,12.25,29.85,30.48,97.77,
Lithuania,2022,161.84,66.72,71.94,45.65,10.98,26.03,26.74,67.76,
United Kingdom,2022,161.74,53.53,74.83,69.65,8.86,34.4,40.2,88.06,
Canada,2022,160.38,57.05,71.31,70.22,7.52,33.61,28.76,55.98,
United Arab Emirates,2022,160.38,84.86,68.73,58.33,4.42,36.19,49.71,45.23,
Croatia,2022,159.21,75.87,64.06,48.94,13.92,26.89,31.19,89.05,
France,2022,156.65,47.59,80.18,74.13,9.94,35.25,42.44,89.7,
Qatar,2022,154.53,86.22,73.53,62.81,6.18,30.15,59.9,36.03,
Ireland,2022,154.52,54.52,52.34,76.05,6.51,37.93,34.81,89.13,
Belgium,2022,151.86,54.62,75.49,72.61,7.09,36.89,50.11,86.03,
Singapore,2022,151.59,72.36,71.07,83.98,17.49,41.22,33.31,57.45,
Slovakia,2022,151.16,69.82,60.33,44.68,11.18,28.21,39.08,78.13,
Latvia,2022,150.81,61.35,62.43,48.45,8.13,31.21,32.72,74.7,
Saudi Arabia,2022,149.54,75.28,60.92,50.41,2.79,28.33,63.8,45.98,
Cyprus,2022,147.1,67.88,51.98,59.03,6.4,22.93,56.85,93.34,
Israel,2022,146.06,67.88,73.83,88.05,13.51,36.37,57.72,94.01,
Italy,2022,141.07,54.8,66.79,66.47,8.61,33.75,54.14,91.45,
Taiwan,2022,140.15,84.13,86.43,62.35,21.81,31.71,64.68,81.6,
Poland,2022,140.02,70.21,57.76,38.95,11.21,31.81,54.74,76.03,
Hungary,2022,137.15,65.71,53.44,40.66,10.88,35.55,47.89,80.29,
South Africa,2022,136.02,23.94,63.97,42.09,3.07,39.27,56.57,95.25,
Puerto Rico,2022,133.77,37.8,57.72,66.53,4,34.16,50.03,71.25,
Romania,2022,133.38,71.21,56.21,35.24,10.44,33.56,58.64,77.62,
Bulgaria,2022,130.09,61.26,56.41,38.38,7.68,29.42,64.28,82.76,
Greece,2022,129.24,52.59,57.31,56.22,10.12,33.8,51.94,94.18,
Bosnia And Herzegovina,2022,127.07,57.77,54.3,36.12,10.78,25.99,60.92,80.48,
South Korea,2022,125.04,73.51,82.72,73.22,29.4,40.02,62.42,68.39,
Mexico,2022,124.9,46.32,72.83,35.35,8.69,39.29,58.46,84.01,
Turkey,2022,124.05,60.31,70.83,28.31,10.27,44.18,65.49,93.8,
Uruguay,2022,122.26,48.56,68.36,52.07,20.08,37.31,45.19,98.04,
Costa Rica,2022,122.07,46.14,62.75,47.01,10.64,60.19,44.66,99.48,
Georgia,2022,121.14,75.7,54.25,30.18,12.03,35.4,69.28,84.2,
Ecuador,2022,118.84,42.76,69.26,37.34,12.48,38.87,58.22,94.51,
Malaysia,2022,117.98,44.29,70.14,37.02,9.78,37.22,62.11,57.48,
Kuwait,2022,117.34,66.59,59.42,48.69,12.26,33.34,66.15,20.22,
Serbia,2022,117.23,61.71,52.49,36.21,16.52,30.85,62.9,83.23,
Tunisia,2022,114.56,55.71,56.54,27.87,11.75,32.7,70.84,93.24,
Panama,2022,114.32,56.08,61.15,51.43,11.18,37.12,58.72,67.84,
Jordan,2022,113.92,59.76,65.57,49.19,8.02,41.25,76.26,89.05,
Ukraine,2022,111.93,53.06,54.34,30.71,10.92,37.71,62.91,70.69,
India,2022,110.99,55.37,65.66,24.43,10.16,46.52,73.05,65.13,
North Macedonia,2022,109.6,59.13,55.83,31.38,12.49,26.3,79.69,76.3,
Malta,2022,109.5,59.18,45.56,67.84,13.11,29.1,81.02,97.44,
Belarus,2022,108.48,41.59,45.57,30.89,16.69,30.15,44.79,64.37,
Morocco,2022,107.54,50.93,46.69,33.83,12.6,36.3,69.34,90.04,
Brazil,2022,107.04,32.99,57.84,33.24,16.26,41.28,53.84,97.15,
Argentina,2022,105.42,35.86,69.32,34.69,26.04,43.3,51.19,98.28,
China,2022,105.07,70.61,66.4,41.77,29.04,40.01,80.57,78.41,
Azerbaijan,2022,104.1,67.75,44.85,29.73,16.77,39.61,74.3,91.4,
Colombia,2022,103.54,42.29,67.19,26.72,16.89,47.8,62.98,88.3,
Russia,2022,103.28,60.38,59.08,35.26,14.84,44.5,61.8,48.95,
Pakistan,2022,102.57,57.99,59.58,19.92,14.33,37.84,73.67,70.36,
Thailand,2022,100.97,60.69,77.65,43.21,21.74,39.62,75.52,69.45,
Chile,2022,100.15,46.02,63.97,43.9,17.17,35.82,78.54,90.21,
Lebanon,2022,99.35,53.13,62.75,69.62,12.2,38.53,89.27,94.74,
Hong Kong,2022,98.42,78.08,66.34,80.71,46.93,42.56,67.57,83.64,
Kazakhstan,2022,93.77,46.55,59.99,28.68,10.48,34.73,73.4,39.78,
Kenya,2022,92.54,43.79,63.4,33.92,24.24,53.98,69.34,99.79,
Indonesia,2022,90.36,53.88,60.44,35.85,21.92,43.46,67.17,68.48,
Vietnam,2022,89.95,54.19,58.92,37.48,20.54,29.83,85.52,71.24,
Egypt,2022,89.87,53.43,47.01,29.52,12.04,48.36,83.64,91.98,
Philippines,2022,83.74,57.67,67.52,37.06,29.64,43.11,73.36,69.32,
Peru,2022,80.42,32.9,56.2,32.53,19.45,48.76,82.88,97.69,
Venezuela,2022,77.43,16.42,39.31,43.2,14.35,34.1,75.38,99.93,
Sri Lanka,2022,67.88,58.79,72.1,31.29,45.97,57.1,60.18,59.11,
Bangladesh,2022,67.59,36.55,42.25,33.13,13.54,55.92,84.99,71.29,
Iran ,2022,64.89,50.89,52.3,37.39,33,47.12,75.4,65.69,
Nigeria,2022,52.44,36.16,48.49,30.49,16.11,61.97,88.32,60.75,
Switzerland,2021,190.82,78.65,74.47,131.75,8.42,28.73,20.09,80.05,
Denmark,2021,190.01,73.28,79.96,91.67,6.66,28.69,20.4,81.8,
Netherlands,2021,183.31,72.78,75.76,78.64,7.35,27.81,25.28,87.11,
Finland,2021,182.79,72.99,76.4,77.46,8.64,28.96,11.86,56.64,
Austria,2021,182.37,74.77,78.4,75.49,10.4,25.68,19.2,77.79,
Australia,2021,181.52,57.56,77.71,84.14,7.38,35.04,23.48,92.7,
Iceland,2021,179.1,75.87,65.69,96.77,6.31,19.98,16.24,68.81,
Germany,2021,176.76,64.58,73.77,70.62,9.12,31.36,27.48,82.97,
New Zealand,2021,175.77,57.74,73.58,79.14,8.09,30.7,23.81,96.35,
Norway,2021,173.57,66.65,75.5,106.09,8.49,26.87,18.14,68.68,
Estonia,2021,173.56,76.62,72.83,56.45,9.11,24.72,19.01,64.28,
Oman,2021,172.08,79.74,58.42,50.18,5.75,23.02,37.59,67.22,
Sweden,2021,171.4,52.8,68.8,79.17,8.56,29.89,18.44,74.92,
Slovenia,2021,168.2,78.21,65.28,59.38,10.89,26.79,22.65,77.56,
United States of America,2021,166.98,52.26,69.03,71.92,3.99,32.89,38.89,77.28,
Spain,2021,164.48,66.87,78.8,59.09,9.59,29.38,39.62,93.18,
Japan,2021,162.32,78.05,80.68,87.77,13.04,39.85,39.4,85.27,
Portugal,2021,161.91,70.11,71.93,52.88,12.65,29.64,29.57,97.72,
Lithuania,2021,160.02,66.16,70.97,47.66,10.97,25.67,27.01,69.86,
Canada,2021,159.99,58.81,71.8,70.08,7.53,33.72,28.13,56.75,
United Kingdom,2021,158.99,54.74,74.93,71.03,9.57,34.44,40.25,88.04,
Czechia,2021,156.33,74.69,75.37,49.18,15.46,29.72,36.3,77.13,
Croatia,2021,156.1,75.09,64.23,56.36,14.2,28.13,30.58,89.69,
United Arab Emirates,2021,156.03,84.65,68.02,61.67,4.93,36.31,50.44,45.23,
Qatar,2021,154.58,87.71,73,64.23,5.97,30.45,60.18,36.03,
Belgium,2021,150.89,55.83,75.2,78.52,6.91,36.24,50.27,86.03,
Ireland,2021,150.89,54.98,52.78,83.11,7.4,37.7,33.59,89.13,
France,2021,150.73,50.8,80.99,80.62,13.48,34.53,41.79,89.94,
Slovakia,2021,149.68,70.26,60.89,49.08,11.14,27.81,39.08,78.13,
Latvia,2021,147.59,62.79,62.18,52.87,8.48,31.16,33.91,74.7,
Saudi Arabia,2021,147.37,74.07,60.71,49.95,2.57,28.45,64.13,45.98,
Israel,2021,144.14,68.79,73.76,86.63,13.68,35.76,58.42,93.78,
Cyprus,2021,144.06,68.03,52.71,64.05,7.12,23.44,56.77,93.34,
Singapore,2021,143.82,67.02,70.88,85.59,19.38,41.19,33.16,57.45,
Taiwan,2021,138.82,84.76,86.39,65.25,23.63,31.28,62.92,81.6,
Italy,2021,138.63,55.63,66.77,73.11,9.52,34.17,53.93,91.48,
Hungary,2021,134.01,65.19,51.64,42.75,11.6,35.81,47.81,79.48,
Poland,2021,132.65,70.68,58.25,42.04,14.03,31.34,54.33,75.9,
South Africa,2021,132.19,22.93,63.89,41.69,3.96,39.3,56.96,95.25,
Romania,2021,131.71,71.65,56.09,38.5,10.66,34.13,58.42,77.69,
Puerto Rico,2021,130.77,36.65,55.57,69.51,3.56,34.16,50.45,71.25,
South Korea,2021,130.02,73.14,82.34,81.2,23.63,39.88,61.85,68.39,
Greece,2021,129.86,55.86,56.96,60.96,10.13,33.94,51.95,94.18,
Bulgaria,2021,126.34,61.88,56.13,40.92,8.97,29.39,64.48,82.76,
Turkey,2021,125.97,60.47,70.71,31.48,8.21,44.64,66.15,93.26,
Bosnia And Herzegovina,2021,125.71,56.99,53.48,38.56,10.75,25.89,60.71,80.48,
Uruguay,2021,124.63,48.78,67.66,51.09,17.33,37.74,45.67,98.04,
Costa Rica,2021,121.65,44.66,62.92,50.64,10.07,60.19,44.07,99.48,
Mexico,2021,120.29,45,72.51,35.05,10.46,39.02,61.24,86.63,
Georgia,2021,118.87,77.38,53.83,28.05,14.16,35.4,69.7,88.53,
Ecuador,2021,118.76,45.59,68.81,40.08,12.59,39.57,58.34,94.51,
Malaysia,2021,116.94,42.11,69.59,39.51,9.92,37,62.58,59.11,
Serbia,2021,116.24,61.74,51.62,39.19,17.08,31.1,61.2,83.23,
Jordan,2021,114.04,59.27,65.38,52.17,8.03,41.41,76.09,89.05,
Kuwait,2021,113.98,65.96,58.97,49.4,13.18,33.72,66.72,20.22,
Argentina,2021,110.5,36.69,68.58,37.87,22.68,43.16,50.73,98.28,
Panama,2021,110.32,54.15,60.43,54.07,12.33,37.55,59.77,67.84,
North Macedonia,2021,108.47,61.41,56.49,34.15,12.67,27.22,80.03,76.3,
Ukraine,2021,107.35,51.72,53.43,29.21,10.77,37.9,64.31,70.77,
Belarus,2021,107.35,39.73,44.44,30.69,16.79,30.05,44.47,64.37,
Pakistan,2021,105.14,56.14,60.52,21.59,12.62,37.8,73.36,73.63,
Brazil,2021,104.75,32.15,57.33,31.82,16.13,41.71,54.53,92.39,
India,2021,104.52,55.28,66.25,25.16,11.31,46.66,79.62,65.3,
Morocco,2021,104.42,50.9,45.81,36.85,13.49,36.3,70.38,90.04,
China,2021,103.15,69.83,66.38,42.54,29.02,40.89,81.47,80.15,
Azerbaijan,2021,102.88,68.34,44.02,30.9,16.58,39.41,75.44,91.4,
Russia,2021,101.67,59.87,58.44,33.17,11.14,44.6,62.32,38.46,
Colombia,2021,101.33,44.23,66.72,31,18.67,47.34,62.88,88.3,
Thailand,2021,100.29,60.62,78.08,49.32,22.16,39.19,75.39,69.45,
Chile,2021,99.9,47.92,63.72,49.33,17.6,35.56,78.96,90.21,
Hong Kong,2021,99.34,78.27,66.34,79.94,45.19,42.28,67.3,83.64,
Kazakhstan,2021,96.42,45.98,60.09,29.76,9.63,33.64,72.62,39.78,
Lebanon,2021,94.47,53.04,63.29,75.88,14.07,39.06,89.35,94.74,
Indonesia,2021,90.1,53.77,60.49,37.44,22.01,43.4,67.08,68.48,
Vietnam,2021,88.38,53.91,58.28,38.05,20.59,29.61,85.92,71.09,
Egypt,2021,86.31,53.21,46.21,30.1,13.65,49.08,84.35,91.98,
Peru,2021,83.3,33.39,56.38,36.26,16.88,48.81,82.69,97.69,
Sri Lanka,2021,79.78,58.81,72.63,31.28,35.01,57.2,59.92,59.11,
Philippines,2021,78.39,57.84,67.09,40.65,30.14,44.04,74.06,61.03,
Kenya,2021,75.77,38.6,55.83,36.3,27.27,57.39,75.88,99.79,
Bangladesh,2021,65.27,35.78,42.7,33.31,14.43,58.53,84.91,72.91,
Iran ,2021,64.73,50.81,52.25,41.34,34.24,47.43,76.13,70.99,
Nigeria,2021,52,36.14,48.89,29.74,17.74,61.68,87.35,60.75,
Denmark,2020,192.67,74.9,80,83,7.45,28.85,21.33,81.8,
Switzerland,2020,192.01,78.4,72.44,122.4,8.68,29.09,22.39,79.24,
Finland,2020,190.22,76.68,75.79,70.29,8.35,29.9,11.55,58.87,
Australia,2020,186.21,58.64,77.38,73.54,7.52,34.73,23.46,92.7,
Netherlands,2020,183.67,72.38,74.65,74.75,7.51,29.43,27.41,87.61,
Austria,2020,182.5,76.27,78.73,70.38,10.88,26.27,22.19,77.3,
Iceland,2020,181.75,76.64,65.92,100.48,6.74,20.1,16.21,68.81,
New Zealand,2020,181.02,59.07,73.81,72.53,8.52,31.1,23.4,95.46,
Germany,2020,179.78,65.19,73.32,65.26,9.38,30.98,29.03,83,
Estonia,2020,177.82,76.86,72.67,50.93,9.06,24.53,19.81,64.28,
Sweden,2020,175.95,52.93,69.23,69.85,9.27,30.49,18.09,73.97,
Norway,2020,175.19,64.57,74.36,101.43,8.77,26.99,20.35,71.37,
Slovenia,2020,172.15,78.93,64.58,53.43,10.49,27.3,24.06,77.56,
United States of America,2020,172.11,52.8,69.27,71.05,3.52,32.89,36.88,77.54,
Spain,2020,169.82,68.04,78.88,53.77,9.37,29.1,39.99,94.19,
Japan,2020,167.99,79.34,81.14,83.35,13,39.15,39.59,84.79,
Oman,2020,167.09,79.21,58.15,49.28,9.08,22.8,37.74,67.22,
Canada,2020,163.47,60.33,71.58,67.62,7.97,33.87,27.83,50.57,
Portugal,2020,162.91,70.37,71.88,49.52,12.7,30,30.89,97.31,
United Kingdom,2020,162.71,56.29,74.46,67.28,10.09,34.53,40.56,87.62,
Qatar,2020,162.29,88.14,73.3,64.04,5.82,29.72,61.06,36.03,
Lithuania,2020,159.42,66.94,69.49,44.28,10.9,26.08,28.8,67.76,
Croatia,2020,159.01,75.29,62.68,49.7,13.73,29.11,30.46,89.05,
United Arab Emirates,2020,156.67,84.3,67.04,61.98,5.29,36.11,51.15,45.23,
Czechia,2020,156.24,74.48,74.62,46.15,15.42,29.65,40.23,77.13,
France,2020,153.95,53.21,79.99,74.14,13.04,34.76,43.56,90.25,
Ireland,2020,153.53,54.57,51.89,75.91,7.49,37.68,33.99,89.13,
Belgium,2020,153.47,56.02,74.34,71.78,6.91,36.15,52.94,85.99,
Slovakia,2020,152.53,70.78,60.02,44.46,10.25,29.11,39.66,78.13,
Saudi Arabia,2020,150.56,73.82,59.11,48.34,2.79,28.61,65.09,45.98,
Latvia,2020,150,63.05,62.91,47.94,8.85,32.89,33.73,74.7,
Israel,2020,149.94,70.4,73.29,81.15,12.83,35.91,57.25,93.78,
Cyprus,2020,147.93,69.99,51.75,57.93,8.2,23.95,53.55,92.8,
Singapore,2020,144.39,69.43,70.84,81.1,22.31,41.31,33.48,57.45,
Taiwan,2020,143.23,84.35,86.71,61.37,23.69,31.93,63.35,84.38,
Poland,2020,141.83,71.5,61.01,40.04,11.38,31.72,54.46,76.14,
Italy,2020,140.76,55.74,66.59,67.26,9.71,34.42,55.63,92.27,
South Korea,2020,139.02,71.98,81.97,78.18,17.37,39.57,62.48,68.39,
Belarus,2020,134.83,75.01,59.04,34.7,14.65,30.68,43.63,64.37,
Greece,2020,133.07,59.68,56.21,55.67,10.6,33.84,52.55,94.18,
Romania,2020,132.44,72.36,55.06,35.31,11.33,34.75,58.42,77.62,
South Africa,2020,131.97,22.51,64.14,42.87,3.93,39.43,57.3,95.25,
Bulgaria,2020,129.8,61.5,55.4,36.7,8.52,29.39,65.33,82.76,
Hungary,2020,128.16,64.92,47.8,40.85,14.77,35.78,48.29,79.48,
Turkey,2020,127.1,60.51,69.8,34.69,7.81,44.65,67.35,93.26,
Uruguay,2020,125.98,46.19,66.28,51.04,16.34,39.89,44.84,98.04,
Ecuador,2020,125.14,49.1,70.59,40.98,12.7,37.55,57,94.51,
Bosnia And Herzegovina,2020,121.89,56.97,52.26,35.97,12.58,26.67,62.33,80.48,
Chile,2020,119.76,54.77,65.44,43.62,14.93,35.44,65.78,90.21,
Mexico,2020,118.55,46.03,70.12,35.72,10.67,39.39,66.1,86.29,
Malaysia,2020,118.44,41.16,68.1,39.12,9.94,37.03,63.18,57.92,
Serbia,2020,116.3,62.59,51.27,35.72,18.94,30.43,60.32,83.23,
Georgia,2020,115.95,79.79,51.24,28.48,14.21,36.02,71.09,84.2,
Kuwait,2020,115.75,65.25,56.21,50.37,12.28,34.44,68.69,20.22,
Argentina,2020,115.31,38.23,69.25,32.95,24.53,43.08,50.67,98.28,
Jordan,2020,112.4,59.17,64.6,53.67,8.42,42.03,77.78,89.05,
North Macedonia,2020,110.46,61.33,56.38,31.59,12.6,27.61,80.23,76.3,
India,2020,108.63,56.68,67.13,24.58,11.38,46.99,78.87,64.87,
Panama,2020,108.36,52.81,59.93,54.16,12.6,36.48,63.09,67.84,
Lebanon,2020,106.56,56.64,64.38,60.5,13.23,37.38,88.37,94.74,
Colombia,2020,105.83,45.21,67.24,30.66,19.65,47.49,62.83,96.69,
Brazil,2020,105.65,31.12,56.29,40.22,16.41,41.7,54.98,97.16,
Morocco,2020,105.46,51.31,45.72,34.32,14.18,36.89,70.64,91.7,
Pakistan,2020,105.44,55.92,60.59,21.98,11.98,38.56,74.25,71.93,
Ukraine,2020,104.77,51.15,52.33,33.18,12.23,38.65,65.08,71.42,
China,2020,102.81,68.17,64.48,40.04,29.06,41.81,80.77,79.19,
Russia,2020,102.31,58.88,57.59,39.21,10.77,45.3,62.79,40.36,
Thailand,2020,101.88,59.52,77.95,49.77,22.26,38.23,75.07,69.45,
Hong Kong,2020,99.05,79.3,66.08,77.22,47.46,41.46,67.69,83.64,
Indonesia,2020,97.47,54.16,60.48,37.27,18.88,43.11,66.56,74.15,
Kazakhstan,2020,88.31,37.98,50.7,30.64,10.86,31.08,75.15,39.78,
Vietnam,2020,87.48,54.65,57.7,38.34,21.36,30.17,86.47,71.24,
Egypt,2020,86.54,53.08,45.84,29.54,13.01,49.78,85.65,91.98,
Peru,2020,85.46,31.85,56.15,38.65,14.95,48.33,84.13,97.69,
Philippines,2020,85.37,57.84,67.47,37.63,24.6,44.63,74.28,60.81,
Sri Lanka,2020,85.16,59.78,72.53,31.61,31.14,59.01,59.14,59.11,
Iran ,2020,74.14,50.75,51.7,39.01,25.11,48.01,77.45,70.99,
Kenya,2020,70.56,38.34,55.59,40.21,31.63,56.65,76.6,99.79,
Bangladesh,2020,70.03,36.06,42.8,32.25,13.1,56.73,86.21,71.29,
Nigeria,2020,55.65,36.23,51.59,31,16.7,61.08,87.63,60.75,
Denmark,2019,198.57,75.75,79.41,81.38,6.93,28.51,22.14,81.8,
Switzerland,2019,195.93,78.5,72.68,121.16,9.63,29.05,22.03,80.05,
Finland,2019,194.01,77.2,73.49,72.82,7.98,30.41,11.93,58.56,
Australia,2019,191.31,57.24,76.38,72.08,7.6,35.29,23.97,93.75,
Austria,2019,191.05,78.63,79.19,71.79,10.14,25.15,21.97,77.74,
Netherlands,2019,188.91,71.43,77.81,74.83,7.38,29.87,27.45,87.45,
Iceland,2019,187.79,76.72,66.44,101.86,6.58,19.74,15.24,68.81,
Germany,2019,187.05,65.49,74.32,67.62,9.02,29.91,28.01,82.51,
New Zealand,2019,185.58,60.45,73.62,72.62,8.34,31.19,22.74,95.46,
Norway,2019,181.86,64.68,74.14,100.99,8.4,27.12,19.86,71.16,
Estonia,2019,180.88,79.2,72.12,51.01,9.31,25.75,18.15,64.28,
Japan,2019,180.5,86.27,80.4,83.33,11.25,40.03,37.08,84.79,
United States of America,2019,179.2,52.87,69.41,69.91,3.58,32.87,33.95,77.51,
Sweden,2019,178.67,50.65,70.95,71.55,10.26,30.29,18.01,74.92,
Slovenia,2019,175.98,77.43,62.81,52.51,10.16,24.81,24.33,78.08,
Spain,2019,174.16,67.54,77.77,54.7,9.21,29.42,39.36,94.19,
United Kingdom,2019,170.81,57.28,74.71,65.28,9.16,34.62,39.43,87.82,
Canada,2019,170.32,60.49,70.99,65.01,7.66,33.77,27.85,52.55,
Qatar,2019,167.84,86.74,72.41,59.09,5.74,31.71,66.48,36.03,
United Arab Emirates,2019,167.81,83.68,67.99,56.16,4.4,37.46,53.11,45.23,
Croatia,2019,165.31,75.31,64.14,49.18,11.63,29.11,31.03,88.95,
Portugal,2019,163.5,67.87,70.72,50.39,12.71,29.02,31.58,97.55,
Belgium,2019,162.09,57.54,79.44,72.97,7.18,34.86,49.89,86.03,
Ireland,2019,160.82,55.48,48.58,75.35,7.9,35.85,31.12,89.13,
Czechia,2019,158.79,73.34,74.71,45.12,15.17,30.02,40.96,77.13,
France,2019,157.83,53.61,78.55,74.85,12.85,35.27,42.7,88.25,
Cyprus,2019,157.57,70.69,50.17,55.57,7.17,20.27,53.75,92.23,
Singapore,2019,156.91,78.53,70.3,69.79,21.56,42.15,32.29,57.45,
Lithuania,2019,156.36,63.49,67.58,45.91,11.11,27.15,30.84,69.86,
Israel,2019,153.82,67.84,73.44,74.28,13.98,36.32,57.25,93.8,
Slovakia,2019,153.1,70.46,60.06,44.98,10.27,29.58,41.89,78.13,
Saudi Arabia,2019,152.72,70.27,59.07,47.61,2.89,29.61,67.26,41.42,
South Korea,2019,149.53,65.95,84.51,76.93,17.58,40.02,54.19,68.39,
Latvia,2019,149.15,63.23,59.71,49.23,9.35,31.45,34.96,74.7,
Poland,2019,147.98,69.91,62.15,39.13,10.27,32.15,52.38,76.02,
Italy,2019,145.69,54.98,67.14,69.25,9.97,34.69,53.75,91.25,
Belarus,2019,141.47,76.47,58.01,33.12,14.27,28.78,40.97,64.37,
Romania,2019,140.31,72.16,54.49,26.45,10.15,34.36,55.39,77.62,
Greece,2019,137.82,61.43,55.16,56.66,9.84,32.2,51.86,94.18,
South Africa,2019,135.31,23.2,62.56,42.49,4.11,40.33,56.95,95.97,
Hungary,2019,134.47,64.83,48.24,42.03,12.58,35.17,46.47,78.74,
Taiwan,2019,133.82,82.62,86.22,59.84,28.91,30.9,63.47,84.38,
Bulgaria,2019,130.59,60,54.04,37.17,8.72,28.79,63.98,82.76,
Turkey,2019,125.51,59.62,69.36,35.21,9.26,44.77,69.15,93.26,
Bosnia And Herzegovina,2019,124.51,56.21,53.2,35.72,12.28,26.43,63.47,80.48,
Chile,2019,124.14,53.19,65.5,47.73,13.51,36.79,65.54,90.21,
Mexico,2019,123.48,47.7,69.72,32.71,10.19,39.08,66.02,86.29,
Argentina,2019,122.49,37.45,69.39,33.09,19.02,43.04,52.35,98.28,
Malaysia,2019,122.11,39.21,67.61,39.38,9.77,35.25,63.74,60.1,
Georgia,2019,120.9,80.14,51.29,28.78,12.67,34.34,72.46,84.2,
Serbia,2019,119.83,62.73,52.56,35.39,18.62,29.74,58.86,83.23,
India,2019,117.51,57.28,68.32,24.17,11.33,45.71,75.81,65.74,
Panama,2019,113.12,53.57,61.41,51.45,12.67,36.48,62,67.84,
Jordan,2019,112.94,56.18,66.12,54.98,7.67,42.43,80.39,89.05,
Lebanon,2019,111.21,55.73,65.9,58.06,13.44,37.36,87.39,94.74,
North Macedonia,2019,110.64,60.71,58.98,31.58,13.65,27.94,80.85,76.3,
Colombia,2019,108.36,48.74,67.51,30.15,18.85,45.06,61.74,86.04,
Indonesia,2019,107.2,53.99,61.98,36.24,13.81,42.93,62.78,68.96,
Russia,2019,104.94,58.07,57.63,35.52,12.39,46,62.8,46.53,
Pakistan,2019,104.63,53.27,60.58,20.4,14.06,38.63,75.89,72.99,
Thailand,2019,103.26,53.34,79.06,47.54,21.94,39.4,72.21,69.45,
Ukraine,2019,102.34,51.12,50.95,27.94,14.35,37.36,66.63,70.69,
Hong Kong,2019,100.9,80.68,67.35,78.14,49.42,41,66.39,83.64,
Brazil,2019,100.33,29.76,54.64,42.8,18.72,43.37,57.72,95.35,
China,2019,97.92,54.54,64.03,39.24,29.09,42.46,81.91,78.91,
Sri Lanka,2019,95.3,58.97,72.3,30.24,26.32,51.9,57.69,59.11,
Philippines,2019,90.73,59.17,65.87,35.09,21.83,44.15,74.47,60.23,
Vietnam,2019,88.82,51.22,54.54,37.7,19.66,28.33,87.13,71.24,
Kazakhstan,2019,87.17,33.49,51.27,29.83,11.51,29.75,74.25,39.78,
Iran ,2019,87.02,50.67,51.18,35.8,16.87,48.38,79.35,70.99,
Egypt,2019,83.98,49.29,44.22,26.46,13.6,49.17,86.48,91.98,
Denmark,2018,197.75,77.98,77.07,93.3,7.22,28.53,23.6,82.42,
Finland,2018,195.3,76.3,75.4,81.7,7.49,33.23,12.07,58.63,
Netherlands,2018,191.25,71.06,81.08,82.69,6.74,32.73,27.16,86.93,
Switzerland,2018,190.81,78.24,71.73,131.39,10.94,29.28,23.01,79.78,
Austria,2018,190.22,79.59,78.8,81.47,9.58,27.02,22.87,77.74,
Germany,2018,190.04,63.35,75.44,74.35,8.05,31.25,27.32,82.53,
Australia,2018,188.7,57.45,76.21,84.3,7.41,36.32,24.76,92.41,
New Zealand,2018,182.4,60.85,71.95,83.41,8.18,34.48,21.77,96.1,
United States of America,2018,180.56,50.42,68.38,72.95,3.34,34.74,31.7,78.23,
Sweden,2018,176.81,50.74,70.42,83.7,10.52,30.68,19.1,75.08,
Estonia,2018,176.44,79.17,71.35,57.65,9.24,32.73,17.17,63.61,
Norway,2018,176.27,56.67,74.66,113.7,8.71,31.04,20.22,71.89,
Japan,2018,176.04,86.9,81.72,86.58,12.64,44.48,41.66,84.82,
Slovenia,2018,175.36,75.29,64.69,59.65,8.38,27.78,26.25,76.3,
Spain,2018,174.92,63.26,77.49,61.75,8,31.42,38.11,93.94,
Canada,2018,173.9,60.72,70.58,72.48,6.12,36.07,27.7,52.82,
United Kingdom,2018,171.89,58.8,74.19,75.85,9.31,35.75,37.71,87.92,
Portugal,2018,166.71,65.46,69.5,55.86,10.01,30.28,30.53,97.45,
France,2018,166.22,54.71,78.03,83.86,9.93,35.03,40.41,89.8,
Belgium,2018,164,57.83,80.43,83.35,7.1,34.63,48.92,86.14,
United Arab Emirates,2018,163.54,81.25,63.48,67.21,4.88,37.49,55.78,45.43,
Ireland,2018,163.53,56.18,53.02,85.45,7.63,37.47,28.66,89.43,
Taiwan,2018,163.28,79.26,82,65.42,14.35,33.15,63.25,83.79,
Croatia,2018,162.36,73,63.83,55.06,11.09,29.55,32.73,88.83,
Czechia,2018,162.01,71.19,75.36,50.09,12.73,30.3,41.02,77.87,
Qatar,2018,159.62,84.3,70.5,65.37,5.15,34.78,70.24,45.48,
South Korea,2018,155.38,64.17,83.4,82.94,14.05,37.24,52.87,67.2,
Slovakia,2018,155.37,69.85,64.42,50.41,9.88,32.17,40.67,77.66,
Israel,2018,152.25,63.1,74.05,86.53,13.85,36.73,60.27,93.61,
Singapore,2018,150.45,83.77,69.61,91.4,22.2,45.99,33.94,57.99,
Saudi Arabia,2018,149.58,63.31,60.19,47.86,2.79,34.01,71.72,41.02,
Lithuania,2018,148.98,62.41,66.81,53.24,13.02,28.69,33.14,68.76,
Poland,2018,146.58,63.77,62.08,45.2,9.77,33.6,51.12,75.8,
Italy,2018,146.13,55.47,68.01,79.06,9.88,37.01,53.11,91.38,
Romania,2018,144.05,70.96,54.56,39.71,9.1,33.4,53.04,76.19,
South Africa,2018,137.89,24.29,62.96,48.05,3.49,43.26,62.15,95.98,
Greece,2018,137.43,60.93,54.18,63.15,9.46,32.16,52.85,92.58,
Hungary,2018,132.31,63.49,51.09,48.6,13.32,34.12,46.57,78.51,
Argentina,2018,131.85,38.21,71.31,53.74,10.68,41.55,53.64,98.22,
Bulgaria,2018,129.69,60.3,52.11,41.21,8.58,31.12,63.03,81.58,
Bosnia And Herzegovina,2018,129.33,59.95,55.9,39.26,11.56,27.48,61.56,78.89,
Turkey,2018,127.64,58.94,70.42,41.8,8.95,46.29,69.44,93.16,
Mexico,2018,126.42,48.95,68.62,33.56,7.8,42.03,66.13,82.49,
Serbia,2018,123.48,62.24,53.42,39.59,17.22,28.95,56.58,82.93,
Chile,2018,122.73,53.52,61.9,55.24,13.09,35.07,66.79,90.21,
India,2018,122.09,55.84,67.39,26.88,9.73,46.76,75.89,65.68,
Malaysia,2018,166.05,36.95,65.64,44.73,9.62,37.6,66.52,58.11,
Indonesia,2018,112.89,55.28,65.95,39.74,13.07,42.75,60.66,68.19,
Colombia,2018,112.15,49.34,67.8,35.29,18.09,48.1,62.47,96.72,
Hong Kong,2018,110.28,79.1,63.81,78.72,41.08,41.26,69.35,83.64,
Russia,2018,103.32,54.8,56.77,43.89,11.44,48.26,63.26,44.7,
Thailand,2018,101.18,52.75,80.87,48.91,22.78,39.21,72.86,68.64,
Pakistan,2018,100.35,48.77,57.47,25.08,12.48,41.55,77.5,71.9,
Brazil,2018,100.13,29.45,52.65,51.33,16.26,45.27,59.48,94.23,
China,2018,99.43,60.56,62.88,44.56,28.2,42.55,85.89,78.81,
Philippines,2018,99.11,59.87,68.22,35.99,17.84,44.24,72.55,60.63,
Ukraine,2018,95.96,50.61,50.11,25.98,18.21,38.5,67.24,70.2,
Iran ,2018,92.43,50.6,51.22,34.56,12.45,49.46,81.21,69.54,
Egypt,2018,84.42,46.28,44.42,25.69,12.68,46.49,87.64,91.98,
Vietnam,2018,81.09,47.78,52.45,39.44,21.34,31.1,88.1,71.24,
Austria,2017,190.37,80.75,80.91,71.52,9.66,26.27,21.9,62.13,
Germany,2017,189.74,67.97,76.74,65.5,7.46,30.55,27.05,57.97,
Denmark,2017,184.92,78.87,75.45,83.02,8.2,28.42,25.97,64.24,
New Zealand,2017,184.74,61.22,70.58,80.77,8.14,30.23,20.03,85.41,
Spain,2017,183.65,68.72,76.65,54.98,8.26,32.63,37.46,88.04,
Finland,2017,182.93,75.37,74.85,73.06,7.6,34.92,13.38,35.83,
United States of America,2017,179.73,51.24,68.22,75.42,3.26,34.58,31.19,67.95,
Portugal,2017,178.43,64.61,70.31,49.19,8.85,30.44,28.91,92.19,
Australia,2017,176.54,57.58,74.25,80.66,9.24,34.73,24.58,72.79,
Slovenia,2017,175.45,75.95,64.35,53.24,8.34,26.48,26.37,60.5,
Netherlands,2017,175.23,70.11,82.5,72.47,8.52,33.9,27.62,61.87,
Switzerland,2017,173.54,77.55,71.04,122.06,14.04,28.3,20.77,69.32,
United Kingdom,2017,172.87,58.81,74.28,69.49,10,34.6,34.88,78.91,
Sweden,2017,172.74,53.35,70.64,75.88,11.77,31.6,17.87,59.13,
Estonia,2017,171.09,77,71.3,49.5,10.54,26.71,17.71,44.56,
Croatia,2017,170.63,72.2,65.49,48,10.91,28.45,33.34,82.02,
Canada,2017,167.18,60.75,69.23,70.16,6.4,36.24,26.54,44.31,
Ireland,2017,166.9,54.23,53.33,76.98,7.02,35.01,27.18,70.18,
Cyprus,2017,166.64,67.54,54.23,54.07,5.12,20.32,54.77,71.01,
Norway,2017,165.93,54.31,74.19,106.31,7.9,31.32,19.45,49.32,
Czechia,2017,165.41,69.82,74.09,41.22,10.7,31.98,41.04,65.32,
South Korea,2017,162.49,74.73,83.2,75.41,12.38,34.18,52.73,61.2,
Belgium,2017,160.52,55.49,78.92,75.36,6.96,36.26,48.92,75.16,
France,2017,160.25,56.34,78.62,74.89,11.58,35.81,40.15,73.91,
Israel,2017,157.88,70.99,74.78,77.74,10.87,36.52,61.71,81.01,
Slovakia,2017,152.55,69.82,62.63,44.9,9.85,36.03,43.51,65.06,
Poland,2017,150.21,68.47,61.46,38.15,10.12,34.55,50.33,62.53,
Taiwan,2017,150.08,82.76,81.14,61.38,12.87,32.69,62.91,24.48,
Greece,2017,148.32,59.68,53.92,55.87,8.33,31.6,52.05,87.25,
Japan,2017,147.49,79.11,78.63,85.28,12.68,46.81,41.01,31.91,
Saudi Arabia,2017,146.41,76.35,60.41,48.37,2.85,36.31,74.18,17.96,
South Africa,2017,144.72,24.28,61.72,43.12,3.58,42.98,63.56,88.74,
Romania,2017,143.04,72.05,53.11,35.63,10.79,31.97,50.9,64.45,
Italy,2017,142.52,55.34,66.31,83.7,12.39,36.38,51.57,82.6,
Argentina,2017,139.59,37.37,73.3,52.57,12.07,37.95,53.33,90.67,
United Arab Emirates,2017,139.27,79.34,60.49,67.98,5.6,35.05,58.52,8.86,
Bosnia And Herzegovina,2017,139.14,59.03,61.49,35.05,11.35,26.63,60.69,73.29,
Hungary,2017,138.82,61.61,53.46,42.77,11.2,33.09,43.99,66.49,
Bulgaria,2017,138.2,59.82,54.03,36.49,9.07,27.92,63.12,77.05,
Chile,2017,136.2,52.5,60.97,50.09,10.67,35.7,67.67,89.39,
Serbia,2017,133.43,61.38,53.86,33.79,17.87,29.93,55.29,82.66,
Qatar,2017,132.37,84.3,66.14,69.2,6.19,32.97,73.29,9.26,
Lithuania,2017,130.28,59.97,68.74,46.73,14.19,28,34.27,25.04,
Turkey,2017,129.63,58.91,71.68,38.6,8.87,47.58,70.46,73.19,
Mexico,2017,129.06,49.68,70.11,29.81,6.94,41.66,66.74,60.74,
Belarus,2017,119.23,77.74,53.76,33.84,18.73,27.66,39.64,20.07,
Jordan,2017,117.47,56.86,71.92,59.22,7.96,47.76,85.73,88.42,
North Macedonia,2017,116.42,61.34,63.46,30.93,14.67,33.79,83.38,75.54,
Colombia,2017,115.38,48.31,65.79,34.45,19.43,43.77,63.9,81.34,
Lebanon,2017,106.18,50.84,64.28,61.65,13.95,36.15,85.11,69.39,
India,2017,101.52,56.04,69.18,25.08,10.28,46.38,76.53,9.3,
Iran ,2017,97.17,49.1,51.55,38.26,13.5,49.7,82.51,71.48,
Brazil,2017,96.15,29.38,51.7,53.07,16.96,46.39,61.17,70.76,
Hong Kong,2017,94.45,79.32,67.99,79.96,36.15,42.22,69.9,29.73,
Pakistan,2017,93.41,45.62,59.05,27.18,12.09,38.69,80.08,42.54,
Egypt,2017,91.81,47.14,43.73,22.36,10.66,48.84,88.88,75.59,
China,2017,90.95,66.1,62.25,44.76,23.29,43.87,88.96,38.7,
Sri Lanka,2017,88.99,65.43,80.04,33.47,17.49,47.19,61.9,2.4,
Ukraine,2017,87.49,48.73,49.81,26.22,22.87,39.16,67.26,49.94,
Singapore,2017,86.5,83.42,69.87,82.41,21.63,43.39,37.04,-71.47,
Russia,2017,85.93,53.95,56.4,42.01,13.55,48.57,63.04,10.69,
Indonesia,2017,62.02,50.32,64.8,41.11,21.03,49.44,76.41,9.62,
Thailand,2017,57.21,50.22,80.66,43.71,24.43,43.56,73.23,-20.12,
Philippines,2017,56.87,60.23,69.16,34.71,16.91,45.14,70.25,-44.1,
Malaysia,2017,51.65,35.25,65.99,40.24,9.53,39.4,67.08,-79.43,
Vietnam,2017,36.12,47.04,47.87,40.11,26.76,33,88.1,-12.87,
Venezuela,2017,0,14.72,36.9,38.3,202.07,46.24,72.9,91.17,
